{
  "lang":"en",
  "name":"pipeline",
  "version":"0.0.0",
  "spacy_version":">=3.5.2,<3.6.0",
  "description":"",
  "author":"",
  "email":"",
  "url":"",
  "license":"",
  "spacy_git_version":"Unknown",
  "vectors":{
    "width":0,
    "vectors":0,
    "keys":0,
    "name":null,
    "mode":"default"
  },
  "labels":{
    "tok2vec":[

    ],
    "ner":[
      "STYLE"
    ]
  },
  "pipeline":[
    "tok2vec",
    "ner"
  ],
  "components":[
    "tok2vec",
    "ner"
  ],
  "disabled":[

  ],
  "performance":{
    "ents_f":0.9834254144,
    "ents_p":0.9673913043,
    "ents_r":1.0,
    "ents_per_type":{
      "STYLE":{
        "p":0.9673913043,
        "r":1.0,
        "f":0.9834254144
      }
    },
    "tok2vec_loss":35.109112813,
    "ner_loss":1018.9578354587
  }
}